num_funcs,comp_t,bin_s
1,0.035,2092
2,0.037,2092
3,0.042,2128
4,0.046,2196
5,0.048,2160
6,0.053,2160
7,0.054,2160
8,0.060,2304
9,0.062,2268
10,0.065,2244
11,0.065,2296
12,0.076,2568
13,0.073,2352
14,0.074,2212
15,0.081,2224
16,0.084,2324
17,0.089,2276
18,0.095,2768
19,0.092,2140
20,0.096,2400
21,0.102,2460
22,0.106,2396
23,0.104,2528
24,0.105,2460
25,0.112,2580
26,0.129,3068
27,0.132,3300
28,0.149,3788
29,0.138,3328
30,0.164,4324
31,0.159,4040
32,0.181,5012
33,0.206,6224
34,0.189,5176
35,0.247,8200
36,0.211,6124
37,0.215,6128
38,0.230,6996
39,0.237,7128
40,0.254,7872
41,0.259,8236
42,0.271,8684
43,0.296,9540
44,0.279,9012
45,0.278,8788
46,0.303,9620
47,0.318,10100
48,0.324,10688
49,0.335,11116
50,0.349,11460
51,0.349,11868
52,0.384,12684
53,0.371,12500
54,0.341,11012
55,0.405,13912
56,0.404,13784
57,0.421,14300
58,0.432,15008
59,0.423,14692
60,0.476,16748
61,0.458,16332
62,0.462,16356
63,0.475,16652
64,0.450,15344
65,0.487,17020
66,0.495,17060
67,0.516,18752
68,0.503,17516
69,0.479,16760
70,0.527,18776
71,0.563,20792
72,0.579,20908
73,0.578,20968
74,0.554,19668
75,0.569,20344
76,0.609,21756
77,0.597,21492
78,0.551,19472
79,0.627,22948
80,0.606,21748
81,0.614,22384
82,0.644,23520
83,0.644,23144
84,0.675,24696
85,0.643,23204
86,0.679,24412
87,0.673,23908
88,0.681,24632
89,0.706,26492
90,0.714,26104
91,0.727,27048
92,0.716,26312
93,0.704,25708
94,0.786,28952
95,0.752,27644
96,0.773,28432
97,0.797,29192
98,0.876,28108
99,0.847,29592
100,0.754,27576
1,0.036,2092
2,0.038,2092
3,0.043,2228
4,0.044,2124
5,0.048,2188
6,0.053,2336
7,0.055,2192
8,0.057,2132
9,0.062,2248
10,0.065,2208
11,0.067,2264
12,0.072,2352
13,0.073,2236
14,0.080,2448
15,0.081,2120
16,0.093,2860
17,0.091,2388
18,0.091,2300
19,0.091,2128
20,0.098,2440
21,0.100,2372
22,0.105,2524
23,0.110,2456
24,0.110,2452
25,0.126,2860
26,0.116,2620
27,0.135,3144
28,0.126,2780
29,0.144,3596
30,0.171,4764
31,0.160,4044
32,0.178,4880
33,0.191,5300
34,0.195,5496
35,0.230,7208
36,0.192,5140
37,0.237,7460
38,0.240,7436
39,0.248,7872
40,0.220,6668
41,0.256,8224
42,0.256,7856
43,0.272,8612
44,0.309,10004
45,0.286,9068
46,0.321,10676
47,0.319,10292
48,0.319,10292
49,0.336,11088
50,0.386,13332
51,0.358,12020
52,0.367,12224
53,0.377,12404
54,0.347,11236
55,0.398,13760
56,0.396,13252
57,0.396,13428
58,0.373,12376
59,0.348,11524
60,0.458,15824
61,0.431,14536
62,0.444,14936
63,0.449,15504
64,0.464,15936
65,0.497,17472
66,0.491,17408
67,0.493,17292
68,0.525,18624
69,0.551,19856
70,0.556,19688
71,0.553,19764
72,0.578,20828
73,0.551,19652
74,0.589,21236
75,0.566,20380
76,0.591,21392
77,0.623,22576
78,0.622,22452
79,0.585,20768
80,0.614,22080
81,0.613,21932
82,0.662,24096
83,0.619,22224
84,0.661,24076
85,0.657,23780
86,0.671,24440
87,0.680,24464
88,0.720,26420
89,0.737,27320
90,0.719,26440
91,0.693,25660
92,0.715,26288
93,0.738,27536
94,0.744,27816
95,0.748,27664
96,0.771,28588
97,0.782,28716
98,0.805,29180
99,0.773,28608
100,0.788,29392
1,0.034,2092
2,0.040,2104
3,0.042,2196
4,0.047,2244
5,0.047,2144
6,0.052,2268
7,0.057,2376
8,0.060,2412
9,0.060,2328
10,0.066,2260
11,0.066,2208
12,0.077,2548
13,0.078,2488
14,0.077,2192
15,0.085,2348
16,0.089,2556
17,0.092,2504
18,0.094,2364
19,0.100,2612
20,0.101,2676
21,0.104,2584
22,0.106,2792
23,0.109,2544
24,0.112,2484
25,0.133,3420
26,0.120,2692
27,0.130,2992
28,0.129,2920
29,0.141,3248
30,0.156,3884
31,0.169,4660
32,0.169,4476
33,0.200,5908
34,0.190,5324
35,0.204,5896
36,0.232,7048
37,0.209,5940
38,0.223,6648
39,0.228,6652
40,0.239,7368
41,0.263,8284
42,0.262,8316
43,0.316,10840
44,0.268,8144
45,0.327,10868
46,0.314,10160
47,0.340,11352
48,0.317,10492
49,0.346,11836
50,0.343,11052
51,0.372,12588
52,0.359,11888
53,0.382,13116
54,0.366,12040
55,0.424,14756
56,0.416,14196
57,0.407,13916
58,0.420,14400
59,0.447,15572
60,0.462,16136
61,0.463,16148
62,0.459,16004
63,0.463,16256
64,0.471,16276
65,0.452,15756
66,0.504,17644
67,0.515,18088
68,0.470,16308
69,0.511,18176
70,0.536,19068
71,0.529,18476
72,0.541,19008
73,0.558,20236
74,0.587,21136
75,0.574,19948
76,0.581,20736
77,0.621,22384
78,0.605,22024
79,0.605,21404
80,0.640,23508
81,0.619,22428
82,0.633,22788
83,0.656,24072
84,0.667,23820
85,0.659,23904
86,0.647,23568
87,0.712,26564
88,0.666,24296
89,0.704,25768
90,0.667,24264
91,0.716,26668
92,0.735,27460
93,0.755,27824
94,0.742,27396
95,0.763,28056
96,0.741,26936
97,0.809,30164
98,0.772,28560
99,0.810,29604
100,0.807,29604
1,0.035,2092
2,0.039,2092
3,0.041,2132
4,0.044,2116
5,0.048,2224
6,0.052,2092
7,0.056,2172
8,0.058,2100
9,0.058,2172
10,0.063,2092
11,0.070,2396
12,0.074,2436
13,0.077,2332
14,0.075,2092
15,0.081,2352
16,0.086,2508
17,0.091,2580
18,0.091,2560
19,0.098,2864
20,0.102,2564
21,0.105,2588
22,0.104,2356
23,0.106,2292
24,0.111,2452
25,0.114,2668
26,0.116,2676
27,0.138,3516
28,0.150,3848
29,0.161,4332
30,0.162,4164
31,0.142,3088
32,0.170,4608
33,0.186,5164
34,0.180,4888
35,0.222,6808
36,0.233,7228
37,0.227,6948
38,0.204,5704
39,0.237,7332
40,0.250,7972
41,0.267,8428
42,0.272,8572
43,0.263,8148
44,0.278,8644
45,0.291,9584
46,0.262,8004
47,0.323,10732
48,0.341,11408
49,0.320,10488
50,0.339,11228
51,0.369,12408
52,0.388,13348
53,0.430,15104
54,0.387,12896
55,0.385,12864
56,0.414,14216
57,0.441,15040
58,0.399,13452
59,0.458,15664
60,0.399,13200
61,0.440,15404
62,0.409,13680
63,0.462,16008
64,0.487,17096
65,0.468,16392
66,0.519,18268
67,0.523,18352
68,0.542,19448
69,0.507,17836
70,0.537,19228
71,0.552,19356
72,0.562,20104
73,0.580,21132
74,0.562,20120
75,0.562,20352
76,0.576,20720
77,0.584,21080
78,0.591,21116
79,0.552,19480
80,0.627,22948
81,0.621,22140
82,0.646,23388
83,0.658,23912
84,0.707,26204
85,0.656,23408
86,0.641,23072
87,0.722,26636
88,0.723,26576
89,0.712,26304
90,0.694,25464
91,0.730,26492
92,0.747,27432
93,0.735,27000
94,0.795,29356
95,0.785,28712
96,0.791,29528
97,0.777,28276
98,0.768,28232
99,0.779,28952
100,0.817,30224
1,0.036,2184
2,0.038,2092
3,0.041,2092
4,0.045,2160
5,0.047,2092
6,0.055,2292
7,0.056,2252
8,0.057,2200
9,0.064,2436
10,0.065,2284
11,0.070,2360
12,0.074,2456
13,0.073,2176
14,0.075,2252
15,0.081,2276
16,0.089,2344
17,0.091,2464
18,0.094,2452
19,0.091,2396
20,0.095,2260
21,0.102,2548
22,0.100,2336
23,0.105,2408
24,0.115,2540
25,0.117,2520
26,0.117,2520
27,0.131,3020
28,0.130,2720
29,0.138,3332
30,0.132,2852
31,0.169,4472
32,0.152,3884
33,0.198,5948
34,0.187,5060
35,0.223,6804
36,0.248,8088
37,0.224,6732
38,0.242,7452
39,0.242,7356
40,0.239,7144
41,0.278,8752
42,0.280,9088
43,0.270,8388
44,0.259,8024
45,0.299,9580
46,0.325,10588
47,0.327,10668
48,0.336,11288
49,0.345,11416
50,0.349,11624
51,0.339,11272
52,0.369,12328
53,0.372,12484
54,0.383,12700
55,0.407,13976
56,0.406,14140
57,0.428,14908
58,0.438,14680
59,0.452,15804
60,0.405,13452
61,0.437,14844
62,0.465,16712
63,0.464,16000
64,0.476,16464
65,0.423,13932
66,0.494,17412
67,0.517,18148
68,0.503,18168
69,0.550,19620
70,0.514,18292
71,0.541,19192
72,0.587,21112
73,0.552,19340
74,0.556,19656
75,0.595,21036
76,0.602,21472
77,0.570,20384
78,0.607,21736
79,0.604,21972
80,0.644,23540
81,0.633,22968
82,0.612,21792
83,0.650,23812
84,0.625,22668
85,0.675,24884
86,0.670,24008
87,0.710,26292
88,0.680,24708
89,0.712,25872
90,0.690,25304
91,0.677,24756
92,0.732,26952
93,0.735,26744
94,0.585,22072
95,0.748,28160
96,0.769,28372
97,0.764,28156
98,0.816,30320
99,0.831,30752
100,0.802,29700
1,0.035,2092
2,0.039,2176
3,0.040,2092
4,0.046,2192
5,0.050,2244
6,0.052,2204
7,0.049,2092
8,0.061,2280
9,0.062,2228
10,0.062,2204
11,0.070,2280
12,0.073,2408
13,0.079,2336
14,0.079,2496
15,0.080,2600
16,0.089,2604
17,0.090,2416
18,0.091,2560
19,0.099,2544
20,0.103,2816
21,0.100,2460
22,0.101,2452
23,0.105,2388
24,0.106,2292
25,0.117,2900
26,0.127,2888
27,0.129,2968
28,0.143,3548
29,0.157,4104
30,0.152,3896
31,0.148,3544
32,0.159,3920
33,0.179,5028
34,0.216,6404
35,0.183,5100
36,0.218,6624
37,0.217,6408
38,0.228,6876
39,0.264,8652
40,0.241,7380
41,0.264,8416
42,0.263,8288
43,0.285,9164
44,0.274,8632
45,0.304,9936
46,0.305,9640
47,0.327,10468
48,0.302,9620
49,0.324,10660
50,0.346,11452
51,0.330,10716
52,0.368,12552
53,0.384,13028
54,0.375,12856
55,0.404,13684
56,0.413,14524
57,0.413,13308
58,0.415,13952
59,0.406,14056
60,0.428,14756
61,0.395,13152
62,0.466,16396
63,0.491,17276
64,0.465,16120
65,0.459,15604
66,0.523,18880
67,0.485,17088
68,0.513,18268
69,0.501,17304
70,0.546,19640
71,0.528,18460
72,0.559,20400
73,0.556,19696
74,0.611,23036
75,0.574,20556
76,0.618,22508
77,0.605,21880
78,0.623,22592
79,0.597,21332
80,0.635,23236
81,0.687,25432
82,0.643,23204
83,0.642,23304
84,0.699,25204
85,0.669,24380
86,0.684,24872
87,0.694,25636
88,0.696,25256
89,0.676,24300
90,0.736,27176
91,0.725,26588
92,0.738,27432
93,0.749,27476
94,0.776,29008
95,0.734,26876
96,0.811,29868
97,0.769,28124
98,0.817,30504
99,0.766,27872
100,0.790,29108
1,0.034,2092
2,0.040,2296
3,0.042,2092
4,0.046,2220
5,0.051,2188
6,0.052,2180
7,0.054,2208
8,0.060,2240
9,0.063,2328
10,0.065,2288
11,0.067,2180
12,0.076,2344
13,0.082,2756
14,0.083,2580
15,0.082,2352
16,0.085,2244
17,0.091,2516
18,0.091,2588
19,0.093,2284
20,0.097,2268
21,0.102,2392
22,0.107,2660
23,0.111,2520
24,0.108,2472
25,0.118,2892
26,0.118,2520
27,0.138,3436
28,0.157,4156
29,0.150,3920
30,0.147,3544
31,0.179,5052
32,0.177,4732
33,0.209,6088
34,0.185,5072
35,0.219,6600
36,0.185,4828
37,0.199,5588
38,0.250,7652
39,0.248,7720
40,0.255,7908
41,0.277,8812
42,0.258,8152
43,0.270,8696
44,0.296,9616
45,0.305,9964
46,0.314,10372
47,0.316,10260
48,0.324,10628
49,0.329,10596
50,0.365,12524
51,0.330,10688
52,0.397,13196
53,0.364,12284
54,0.399,13644
55,0.416,14212
56,0.378,12584
57,0.426,14528
58,0.442,15304
59,0.387,13132
60,0.464,16108
61,0.445,15264
62,0.465,16520
63,0.474,16260
64,0.470,16508
65,0.456,15708
66,0.501,17452
67,0.530,19068
68,0.519,18416
69,0.495,17028
70,0.513,18172
71,0.528,18080
72,0.536,19000
73,0.572,20448
74,0.591,21640
75,0.585,20852
76,0.595,21672
77,0.629,22668
78,0.613,22172
79,0.609,22140
80,0.621,22624
81,0.658,24152
82,0.693,25624
83,0.651,23532
84,0.696,25920
85,0.676,24980
86,0.630,22584
87,0.701,26180
88,0.683,24964
89,0.713,26412
90,0.717,26612
91,0.717,26540
92,0.730,26612
93,0.723,26620
94,0.736,26952
95,0.752,27568
96,0.765,28060
97,0.783,29260
98,0.756,27832
99,0.767,28580
100,0.816,30820
1,0.035,2092
2,0.038,2092
3,0.043,2240
4,0.044,2092
5,0.047,2092
6,0.053,2160
7,0.055,2132
8,0.062,2416
9,0.061,2216
10,0.066,2260
11,0.068,2292
12,0.075,2380
13,0.074,2172
14,0.075,2320
15,0.082,2316
16,0.088,2368
17,0.093,2680
18,0.093,2372
19,0.097,2440
20,0.092,2204
21,0.106,2644
22,0.101,2416
23,0.114,2940
24,0.111,2436
25,0.116,2432
26,0.115,2632
27,0.139,3464
28,0.120,2400
29,0.119,2612
30,0.141,3108
31,0.137,2848
32,0.126,2392
33,0.183,5048
34,0.186,5224
35,0.191,5412
36,0.208,6004
37,0.233,7372
38,0.222,6600
39,0.266,8680
40,0.249,7616
41,0.211,5852
42,0.268,8428
43,0.255,7788
44,0.248,7288
45,0.311,10336
46,0.294,9456
47,0.308,10024
48,0.325,10476
49,0.236,6620
50,0.351,11728
51,0.374,12732
52,0.378,12596
53,0.343,11496
54,0.406,14132
55,0.402,13684
56,0.399,13680
57,0.386,12472
58,0.436,14984
59,0.429,14780
60,0.453,15480
61,0.418,14212
62,0.482,16740
63,0.472,16400
64,0.482,16692
65,0.497,17068
66,0.482,17204
67,0.536,18664
68,0.477,16864
69,0.540,19388
70,0.562,19900
71,0.538,19260
72,0.587,21012
73,0.557,19604
74,0.552,19356
75,0.604,21656
76,0.606,22048
77,0.580,20536
78,0.606,21744
79,0.607,22088
80,0.617,22084
81,0.617,22188
82,0.667,24000
83,0.667,24404
84,0.665,24016
85,0.667,24276
86,0.675,24628
87,0.648,23096
88,0.713,26400
89,0.713,26088
90,0.707,25676
91,0.716,26592
92,0.730,26632
93,0.705,25436
94,0.716,26500
95,0.792,29528
96,0.788,29148
97,0.749,27476
98,0.791,29180
99,0.802,29740
100,0.820,30448
1,0.034,2092
2,0.037,2092
3,0.042,2144
4,0.045,2144
5,0.047,2108
6,0.053,2092
7,0.054,2160
8,0.061,2372
9,0.064,2456
10,0.063,2116
11,0.069,2204
12,0.071,2376
13,0.074,2316
14,0.080,2416
15,0.079,2300
16,0.088,2584
17,0.087,2216
18,0.092,2400
19,0.101,2556
20,0.098,2564
21,0.097,2376
22,0.102,2468
23,0.105,2504
24,0.115,2496
25,0.115,2548
26,0.129,3132
27,0.114,2272
28,0.138,3300
29,0.167,4504
30,0.132,2984
31,0.175,4988
32,0.204,6060
33,0.192,5512
34,0.177,4624
35,0.206,6320
36,0.200,5644
37,0.230,7140
38,0.238,7244
39,0.247,7632
40,0.260,8412
41,0.240,7324
42,0.252,7768
43,0.275,8528
44,0.290,9232
45,0.295,9444
46,0.305,9916
47,0.299,9548
48,0.309,9848
49,0.324,10756
50,0.328,10480
51,0.365,12292
52,0.380,13208
53,0.365,12172
54,0.420,14572
55,0.372,12304
56,0.400,13884
57,0.370,12028
58,0.428,14876
59,0.438,15468
60,0.451,15756
61,0.459,15976
62,0.450,15624
63,0.463,16100
64,0.462,16088
65,0.473,16568
66,0.512,18292
67,0.498,17464
68,0.530,18664
69,0.522,18176
70,0.536,19320
71,0.562,19980
72,0.586,21460
73,0.548,19520
74,0.568,20404
75,0.570,20200
76,0.583,20580
77,0.623,23152
78,0.552,19424
79,0.580,20456
80,0.631,22836
81,0.634,22648
82,0.656,23952
83,0.621,22356
84,0.671,24056
85,0.684,25044
86,0.575,22064
87,0.699,25416
88,0.711,26176
89,0.691,25284
90,0.684,24568
91,0.722,26812
92,0.668,23960
93,0.702,25404
94,0.754,27888
95,0.753,27244
96,0.734,27188
97,0.769,28340
98,0.771,28352
99,0.828,30356
100,0.799,29512
1,0.035,2092
2,0.039,2092
3,0.043,2160
4,0.044,2092
5,0.049,2092
6,0.052,2276
7,0.050,2116
8,0.058,2208
9,0.064,2404
10,0.070,2408
11,0.071,2388
12,0.070,2320
13,0.073,2232
14,0.078,2232
15,0.086,2640
16,0.089,2408
17,0.088,2124
18,0.087,2376
19,0.094,2340
20,0.104,2812
21,0.111,2820
22,0.104,2396
23,0.105,2340
24,0.115,2456
25,0.129,3052
26,0.117,2540
27,0.134,3224
28,0.147,3844
29,0.128,2972
30,0.154,3832
31,0.164,4408
32,0.169,4564
33,0.195,5548
34,0.197,5728
35,0.208,6024
36,0.216,6364
37,0.206,6024
38,0.237,7596
39,0.252,8096
40,0.254,7928
41,0.243,7624
42,0.270,8424
43,0.313,10948
44,0.290,9028
45,0.310,10456
46,0.326,10656
47,0.335,11368
48,0.339,11432
49,0.336,11072
50,0.350,11728
51,0.351,11712
52,0.370,12468
53,0.352,11864
54,0.388,12956
55,0.362,12028
56,0.395,13100
57,0.430,15160
58,0.438,15092
59,0.436,15452
60,0.419,13428
61,0.465,16192
62,0.474,16732
63,0.471,15952
64,0.491,17828
65,0.488,16752
66,0.460,15532
67,0.474,16320
68,0.503,17320
69,0.566,20804
70,0.520,18340
71,0.523,18276
72,0.551,19696
73,0.590,21324
74,0.555,19776
75,0.600,22080
76,0.582,20624
77,0.582,20604
78,0.620,22564
79,0.616,21484
80,0.613,21988
81,0.616,22268
82,0.672,24212
83,0.639,23024
84,0.661,24328
85,0.674,24824
86,0.629,22252
87,0.681,24648
88,0.692,25704
89,0.685,25216
90,0.701,26060
91,0.754,27740
92,0.720,26524
93,0.766,28068
94,0.769,28720
95,0.763,27672
96,0.767,28604
97,0.767,28368
98,0.760,27820
99,0.784,28732
100,0.783,28672
1,0.036,2160
2,0.039,2092
3,0.043,2160
4,0.045,2136
5,0.050,2196
6,0.052,2156
7,0.056,2356
8,0.057,2140
9,0.063,2244
10,0.065,2136
11,0.072,2240
12,0.074,2304
13,0.075,2272
14,0.081,2392
15,0.079,2208
16,0.085,2388
17,0.091,2344
18,0.090,2340
19,0.096,2368
20,0.100,2320
21,0.096,2328
22,0.106,2520
23,0.110,2752
24,0.115,2528
25,0.117,2688
26,0.128,2924
27,0.117,2268
28,0.145,3552
29,0.144,3476
30,0.167,4684
31,0.196,5860
32,0.169,4380
33,0.203,6136
34,0.199,5868
35,0.202,5868
36,0.198,5600
37,0.212,6016
38,0.246,7676
39,0.243,7520
40,0.259,8340
41,0.273,8888
42,0.270,8792
43,0.308,10236
44,0.327,10776
45,0.322,10784
46,0.318,10464
47,0.332,11076
48,0.332,10764
49,0.351,11780
50,0.328,10356
51,0.328,10280
52,0.328,10184
53,0.372,12368
54,0.400,13968
55,0.372,12772
56,0.416,14400
57,0.406,13736
58,0.420,14484
59,0.437,15248
60,0.450,15628
61,0.431,14840
62,0.432,14532
63,0.507,17648
64,0.485,16696
65,0.461,15660
66,0.479,16520
67,0.509,18384
68,0.497,17116
69,0.552,20012
70,0.513,17840
71,0.538,19436
72,0.525,18312
73,0.550,19992
74,0.568,20480
75,0.584,20788
76,0.597,21920
77,0.581,20576
78,0.599,21484
79,0.593,21056
80,0.606,21820
81,0.617,22240
82,0.659,24392
83,0.601,21708
84,0.679,25072
85,0.651,23488
86,0.654,23672
87,0.682,24712
88,0.678,24976
89,0.644,23312
90,0.694,25312
91,0.748,27104
92,0.678,24944
93,0.724,25996
94,0.766,28124
95,0.787,29100
96,0.765,27772
97,0.779,28424
98,0.765,28020
99,0.764,28200
100,0.813,29992
1,0.034,2092
2,0.038,2092
3,0.043,2164
4,0.043,2172
5,0.050,2296
6,0.053,2208
7,0.054,2196
8,0.060,2224
9,0.063,2368
10,0.066,2232
11,0.070,2248
12,0.075,2356
13,0.076,2392
14,0.080,2180
15,0.084,2432
16,0.086,2312
17,0.091,2504
18,0.089,2236
19,0.096,2420
20,0.097,2340
21,0.103,2536
22,0.103,2524
23,0.111,2364
24,0.108,2260
25,0.114,2396
26,0.113,2668
27,0.137,3364
28,0.162,4280
29,0.150,3992
30,0.162,4112
31,0.162,4212
32,0.149,3548
33,0.177,4848
34,0.170,4524
35,0.193,5532
36,0.247,8032
37,0.222,6624
38,0.161,3508
39,0.231,7056
40,0.244,7576
41,0.256,8128
42,0.269,8552
43,0.201,5280
44,0.293,9284
45,0.282,8996
46,0.314,9832
47,0.266,7944
48,0.327,10716
49,0.349,11428
50,0.337,11072
51,0.363,12160
52,0.377,12588
53,0.354,11416
54,0.394,13080
55,0.373,12256
56,0.415,14396
57,0.354,11628
58,0.443,15212
59,0.447,15672
60,0.424,14404
61,0.430,14604
62,0.454,15840
63,0.430,14808
64,0.455,15660
65,0.506,17860
66,0.521,18656
67,0.515,18248
68,0.506,17692
69,0.528,18464
70,0.535,18824
71,0.514,18136
72,0.565,20292
73,0.589,21196
74,0.561,19776
75,0.563,20360
76,0.595,21508
77,0.569,20060
78,0.572,20284
79,0.606,21896
80,0.606,21712
81,0.601,21260
82,0.551,21332
83,0.649,23572
84,0.669,24144
85,0.675,24748
86,0.658,23832
87,0.704,26156
88,0.712,26212
89,0.699,25728
90,0.702,25772
91,0.727,26864
92,0.712,26040
93,0.744,27552
94,0.729,26948
95,0.745,27164
96,0.778,29340
97,0.784,29284
98,0.792,29448
99,0.780,28512
100,0.747,27628
1,0.036,2196
2,0.038,2092
3,0.043,2200
4,0.045,2092
5,0.047,2164
6,0.051,2116
7,0.058,2380
8,0.057,2156
9,0.063,2276
10,0.066,2316
11,0.069,2372
12,0.067,2232
13,0.074,2280
14,0.083,2508
15,0.077,2276
16,0.085,2468
17,0.092,2616
18,0.091,2416
19,0.092,2160
20,0.097,2316
21,0.102,2616
22,0.105,2532
23,0.112,2516
24,0.113,2412
25,0.111,2404
26,0.111,2348
27,0.120,2656
28,0.130,3168
29,0.141,3660
30,0.126,2672
31,0.153,3428
32,0.177,4856
33,0.181,5080
34,0.212,6420
35,0.204,5928
36,0.187,5080
37,0.200,5332
38,0.250,7884
39,0.248,7804
40,0.260,8088
41,0.225,6516
42,0.285,8996
43,0.233,6752
44,0.252,7368
45,0.308,10232
46,0.347,11780
47,0.347,11384
48,0.346,11612
49,0.303,9392
50,0.348,11464
51,0.363,12212
52,0.381,12564
53,0.363,12068
54,0.385,13360
55,0.407,13984
56,0.423,14576
57,0.438,15212
58,0.438,15536
59,0.434,15208
60,0.429,14600
61,0.437,15232
62,0.455,15428
63,0.513,18456
64,0.503,17668
65,0.497,17668
66,0.519,18256
67,0.504,17856
68,0.531,18828
69,0.548,19368
70,0.506,17612
71,0.536,19184
72,0.559,19908
73,0.511,17712
74,0.580,20388
75,0.606,21920
76,0.570,20348
77,0.544,19160
78,0.617,22332
79,0.614,21840
80,0.592,21108
81,0.627,22736
82,0.617,22628
83,0.637,23180
84,0.622,22488
85,0.696,25596
86,0.685,24820
87,0.664,23564
88,0.688,25056
89,0.730,27044
90,0.734,26692
91,0.757,28640
92,0.743,27320
93,0.751,28128
94,0.769,28016
95,0.777,28548
96,0.791,29080
97,0.772,28320
98,0.809,30184
99,0.797,30268
100,0.772,27804
1,0.035,2092
2,0.038,2092
3,0.041,2180
4,0.045,2204
5,0.049,2092
6,0.051,2168
7,0.055,2268
8,0.057,2092
9,0.060,2196
10,0.065,2220
11,0.067,2228
12,0.074,2328
13,0.076,2420
14,0.083,2520
15,0.083,2456
16,0.082,2272
17,0.088,2472
18,0.087,2332
19,0.092,2248
20,0.099,2484
21,0.095,2472
22,0.099,2372
23,0.109,2416
24,0.105,2416
25,0.111,2356
26,0.115,2648
27,0.130,3116
28,0.144,3444
29,0.138,3172
30,0.140,3264
31,0.153,3644
32,0.165,4292
33,0.183,5080
34,0.220,6652
35,0.209,6312
36,0.200,5624
37,0.231,7060
38,0.206,5868
39,0.253,7832
40,0.251,7696
41,0.258,8172
42,0.272,8572
43,0.283,9160
44,0.322,10492
45,0.317,10616
46,0.320,10576
47,0.325,10776
48,0.333,10600
49,0.348,11492
50,0.333,10884
51,0.334,10708
52,0.367,12524
53,0.363,11836
54,0.383,12760
55,0.409,13684
56,0.413,14184
57,0.403,13428
58,0.414,13948
59,0.432,14876
60,0.448,15280
61,0.485,17096
62,0.439,15128
63,0.500,17792
64,0.484,16516
65,0.499,17564
66,0.493,17432
67,0.495,17164
68,0.495,17500
69,0.486,16968
70,0.543,19224
71,0.545,19684
72,0.545,19084
73,0.568,20228
74,0.557,19748
75,0.573,20568
76,0.617,22388
77,0.615,22484
78,0.618,22216
79,0.611,22224
80,0.598,21108
81,0.646,23336
82,0.649,23500
83,0.661,24096
84,0.683,25028
85,0.675,24768
86,0.703,26180
87,0.678,24732
88,0.668,24364
89,0.680,24344
90,0.697,25736
91,0.698,25804
92,0.726,26688
93,0.716,26132
94,0.763,28476
95,0.672,23840
96,0.752,27316
97,0.790,29156
98,0.781,29024
99,0.808,30244
100,0.816,30448
1,0.035,2092
2,0.038,2092
3,0.042,2092
4,0.047,2340
5,0.047,2176
6,0.051,2180
7,0.055,2176
8,0.061,2320
9,0.060,2232
10,0.063,2200
11,0.069,2268
12,0.070,2116
13,0.078,2640
14,0.077,2264
15,0.081,2344
16,0.086,2484
17,0.089,2620
18,0.092,2292
19,0.097,2500
20,0.100,2212
21,0.103,2320
22,0.106,2680
23,0.107,2668
24,0.110,2468
25,0.121,2820
26,0.115,2412
27,0.112,2328
28,0.166,4764
29,0.160,4100
30,0.167,4572
31,0.155,3924
32,0.178,4784
33,0.187,5228
34,0.199,5644
35,0.208,6208
36,0.219,6404
37,0.234,7360
38,0.223,6788
39,0.259,8244
40,0.258,8288
41,0.271,8672
42,0.265,8436
43,0.286,9196
44,0.275,8436
45,0.299,9732
46,0.304,9808
47,0.340,11556
48,0.339,11100
49,0.320,10220
50,0.321,10452
51,0.367,12344
52,0.372,12552
53,0.345,11252
54,0.392,13376
55,0.383,12868
56,0.399,13352
57,0.421,15028
58,0.461,16132
59,0.421,14476
60,0.429,14904
61,0.421,14088
62,0.473,16380
63,0.480,17004
64,0.465,16508
65,0.472,16444
66,0.516,18336
67,0.509,18020
68,0.510,17812
69,0.538,19588
70,0.554,20136
71,0.555,19236
72,0.514,18224
73,0.518,17816
74,0.569,20212
75,0.565,20124
76,0.566,19952
77,0.597,21344
78,0.620,22312
79,0.618,22140
80,0.634,22976
81,0.658,23712
82,0.603,21504
83,0.647,23444
84,0.631,22896
85,0.652,23500
86,0.666,23564
87,0.674,24696
88,0.688,24948
89,0.710,26048
90,0.720,26400
91,0.703,25828
92,0.713,26212
93,0.719,25880
94,0.748,27280
95,0.719,26668
96,0.770,28356
97,0.765,28460
98,0.812,30240
99,0.810,30028
100,0.798,29528
1,0.034,2092
2,0.038,2112
3,0.044,2180
4,0.045,2184
5,0.049,2168
6,0.052,2168
7,0.054,2092
8,0.061,2352
9,0.059,2092
10,0.067,2420
11,0.071,2584
12,0.072,2200
13,0.075,2520
14,0.076,2240
15,0.082,2344
16,0.087,2532
17,0.089,2472
18,0.091,2440
19,0.097,2588
20,0.101,2684
21,0.104,2396
22,0.109,2516
23,0.107,2592
24,0.110,2332
25,0.114,2420
26,0.114,2484
27,0.117,2424
28,0.148,3748
29,0.146,3584
30,0.153,3988
31,0.163,4328
32,0.152,3628
33,0.156,3964
34,0.196,5768
35,0.174,4592
36,0.206,5960
37,0.219,6440
38,0.223,6528
39,0.265,8380
40,0.265,8692
41,0.247,7588
42,0.263,8168
43,0.292,9628
44,0.278,9084
45,0.297,9692
46,0.284,9080
47,0.320,10644
48,0.319,10432
49,0.347,11224
50,0.367,12196
51,0.350,11668
52,0.387,13312
53,0.358,11992
54,0.375,12644
55,0.391,13204
56,0.402,13420
57,0.396,13500
58,0.428,15016
59,0.430,14756
60,0.453,15500
61,0.444,15516
62,0.464,16188
63,0.450,15456
64,0.504,17604
65,0.468,15988
66,0.521,18416
67,0.526,18748
68,0.511,17864
69,0.514,18124
70,0.559,19972
71,0.529,18556
72,0.547,19744
73,0.545,19316
74,0.546,19472
75,0.554,19572
76,0.581,21012
77,0.584,20252
78,0.577,20608
79,0.624,22232
80,0.612,22396
81,0.517,19512
82,0.628,22660
83,0.635,22864
84,0.639,23168
85,0.643,22880
86,0.669,24452
87,0.671,24528
88,0.691,25388
89,0.713,26296
90,0.702,25636
91,0.622,23972
92,0.736,27256
93,0.753,27408
94,0.743,27084
95,0.719,26320
96,0.750,27356
97,0.800,29392
98,0.783,29308
99,0.665,25844
100,0.791,29372
1,0.036,2132
2,0.037,2092
3,0.041,2092
4,0.046,2160
5,0.048,2092
6,0.053,2312
7,0.055,2332
8,0.059,2180
9,0.061,2212
10,0.064,2236
11,0.070,2368
12,0.074,2480
13,0.075,2204
14,0.077,2388
15,0.084,2352
16,0.084,2336
17,0.092,2608
18,0.097,2512
19,0.092,2336
20,0.094,2184
21,0.103,2568
22,0.102,2484
23,0.105,2268
24,0.106,2436
25,0.108,2476
26,0.118,2556
27,0.146,3860
28,0.129,2800
29,0.155,4352
30,0.178,5004
31,0.166,4328
32,0.203,6080
33,0.181,5092
34,0.209,6372
35,0.175,4524
36,0.225,6712
37,0.245,7792
38,0.224,6696
39,0.232,6832
40,0.263,8164
41,0.283,9204
42,0.274,8704
43,0.275,8620
44,0.277,8720
45,0.330,11036
46,0.326,10812
47,0.306,9732
48,0.343,11400
49,0.348,11540
50,0.266,7840
51,0.332,10552
52,0.374,12668
53,0.359,11624
54,0.421,14564
55,0.389,13348
56,0.396,13328
57,0.434,14876
58,0.437,14712
59,0.428,15272
60,0.455,15804
61,0.445,15412
62,0.444,14836
63,0.450,15548
64,0.493,17280
65,0.497,17464
66,0.492,17240
67,0.481,16568
68,0.520,18204
69,0.515,18152
70,0.504,17928
71,0.551,19840
72,0.524,18248
73,0.581,20892
74,0.546,19300
75,0.571,20560
76,0.584,20784
77,0.571,20388
78,0.603,21724
79,0.615,22400
80,0.600,21732
81,0.673,25092
82,0.648,23740
83,0.625,22620
84,0.703,25816
85,0.668,24200
86,0.660,24120
87,0.669,24308
88,0.674,24264
89,0.716,26472
90,0.701,25172
91,0.698,25796
92,0.713,26156
93,0.701,25576
94,0.747,27488
95,0.772,28520
96,0.783,29224
97,0.755,28096
98,0.787,28768
99,0.806,29888
100,0.793,29092
1,0.035,2092
2,0.039,2152
3,0.042,2124
4,0.047,2264
5,0.048,2148
6,0.053,2244
7,0.056,2180
8,0.056,2092
9,0.060,2196
10,0.062,2092
11,0.066,2156
12,0.074,2448
13,0.075,2368
14,0.084,2584
15,0.086,2656
16,0.082,2172
17,0.089,2428
18,0.090,2476
19,0.092,2288
20,0.103,2540
21,0.113,2764
22,0.105,2512
23,0.103,2320
24,0.109,2432
25,0.135,3404
26,0.111,2480
27,0.126,2972
28,0.143,3592
29,0.153,3824
30,0.153,3824
31,0.157,4024
32,0.140,3032
33,0.195,5684
34,0.179,4836
35,0.214,6316
36,0.202,6024
37,0.207,5912
38,0.216,6248
39,0.253,8100
40,0.254,7932
41,0.250,7552
42,0.243,7328
43,0.281,9032
44,0.274,8612
45,0.286,9100
46,0.311,10260
47,0.293,9252
48,0.357,11956
49,0.354,11848
50,0.357,11900
51,0.349,11332
52,0.349,11548
53,0.405,14204
54,0.363,11856
55,0.371,12236
56,0.413,14056
57,0.414,14152
58,0.429,14464
59,0.422,14208
60,0.446,15216
61,0.483,17124
62,0.467,16304
63,0.486,17344
64,0.489,17440
65,0.441,15256
66,0.506,18044
67,0.480,16660
68,0.516,18256
69,0.527,18640
70,0.525,18304
71,0.536,18872
72,0.556,19672
73,0.554,19892
74,0.570,20312
75,0.567,20272
76,0.574,20228
77,0.596,21756
78,0.544,18716
79,0.586,21044
80,0.639,22892
81,0.629,22864
82,0.670,24796
83,0.651,23520
84,0.649,23624
85,0.653,22980
86,0.684,25232
87,0.677,24216
88,0.689,24944
89,0.695,25436
90,0.691,25620
91,0.731,27396
92,0.716,26032
93,0.711,25996
94,0.768,28996
95,0.792,29664
96,0.748,27392
97,0.757,27884
98,0.792,29180
99,0.787,29464
100,0.791,29048
1,0.035,2092
2,0.037,2104
3,0.040,2092
4,0.044,2180
5,0.048,2224
6,0.051,2184
7,0.057,2360
8,0.059,2208
9,0.064,2396
10,0.064,2320
11,0.070,2352
12,0.071,2148
13,0.073,2340
14,0.079,2380
15,0.085,2668
16,0.086,2320
17,0.080,2252
18,0.091,2404
19,0.090,2200
20,0.096,2360
21,0.109,2740
22,0.106,2580
23,0.108,2484
24,0.115,2580
25,0.115,2436
26,0.119,2760
27,0.119,2476
28,0.146,3488
29,0.166,4668
30,0.167,4476
31,0.168,4408
32,0.186,5140
33,0.183,5124
34,0.184,5016
35,0.202,5860
36,0.184,4772
37,0.223,6564
38,0.238,7452
39,0.221,6316
40,0.244,7832
41,0.226,6560
42,0.239,7400
43,0.281,9208
44,0.284,9296
45,0.286,9280
46,0.300,9700
47,0.302,9840
48,0.336,10812
49,0.363,12372
50,0.338,11060
51,0.354,12000
52,0.342,11324
53,0.372,12724
54,0.297,9096
55,0.394,13472
56,0.412,14312
57,0.431,15132
58,0.438,15120
59,0.433,14788
60,0.428,14668
61,0.441,15164
62,0.462,16220
63,0.471,16492
64,0.479,16624
65,0.412,14640
66,0.503,17372
67,0.487,17084
68,0.535,19124
69,0.535,18868
70,0.506,17980
71,0.536,19472
72,0.557,19764
73,0.563,20004
74,0.567,20148
75,0.577,20836
76,0.583,21064
77,0.594,21656
78,0.599,21152
79,0.619,22520
80,0.632,23116
81,0.615,21972
82,0.607,21560
83,0.666,24336
84,0.639,22788
85,0.680,24832
86,0.647,23548
87,0.650,23612
88,0.673,24692
89,0.706,25872
90,0.694,24840
91,0.704,25580
92,0.735,26900
93,0.759,27868
94,0.698,25044
95,0.784,29208
96,0.758,28404
97,0.798,29184
98,0.725,26420
99,0.812,30132
100,0.811,30236
1,0.035,2092
2,0.038,2120
3,0.043,2092
4,0.046,2208
5,0.047,2120
6,0.051,2092
7,0.055,2272
8,0.057,2136
9,0.066,2448
10,0.064,2164
11,0.070,2292
12,0.070,2192
13,0.074,2388
14,0.080,2408
15,0.081,2332
16,0.087,2428
17,0.088,2292
18,0.089,2156
19,0.097,2744
20,0.101,2512
21,0.107,2512
22,0.107,2672
23,0.099,2444
24,0.113,2464
25,0.116,2644
26,0.116,2348
27,0.118,2320
28,0.120,2564
29,0.150,3936
30,0.146,3320
31,0.171,4672
32,0.183,4952
33,0.185,5156
34,0.218,6768
35,0.215,6308
36,0.198,5628
37,0.215,6472
38,0.230,6880
39,0.258,8372
40,0.238,7228
41,0.261,8460
42,0.277,8784
43,0.291,9396
44,0.291,9256
45,0.303,9652
46,0.287,9168
47,0.312,10080
48,0.315,10256
49,0.329,10732
50,0.358,12172
51,0.379,13108
52,0.365,12212
53,0.361,12140
54,0.383,12988
55,0.398,13700
56,0.428,14648
57,0.422,14552
58,0.417,14072
59,0.339,11472
60,0.433,14552
61,0.481,17032
62,0.458,15968
63,0.477,16888
64,0.478,16452
65,0.441,15068
66,0.535,19000
67,0.502,17648
68,0.506,17832
69,0.462,15768
70,0.537,19384
71,0.537,19256
72,0.542,19660
73,0.583,21380
74,0.576,20480
75,0.557,19520
76,0.572,20008
77,0.622,22908
78,0.600,21708
79,0.612,21596
80,0.604,21592
81,0.595,21280
82,0.660,24296
83,0.667,24460
84,0.690,25448
85,0.657,23852
86,0.647,23168
87,0.684,24344
88,0.681,25184
89,0.706,25796
90,0.692,25040
91,0.747,27344
92,0.708,25760
93,0.762,28196
94,0.764,27856
95,0.741,27728
96,0.784,29416
97,0.762,28180
98,0.808,30208
99,0.825,30280
100,0.802,29716
1,0.035,2092
2,0.039,2168
3,0.040,2092
4,0.047,2156
5,0.050,2264
6,0.052,2156
7,0.057,2376
8,0.060,2280
9,0.057,2208
10,0.064,2196
11,0.071,2316
12,0.067,2160
13,0.076,2304
14,0.073,2332
15,0.085,2552
16,0.081,2256
17,0.095,2596
18,0.095,2232
19,0.093,2296
20,0.099,2468
21,0.102,2436
22,0.113,2668
23,0.111,2576
24,0.110,2560
25,0.114,2664
26,0.120,2752
27,0.143,3380
28,0.122,2620
29,0.156,4068
30,0.126,2680
31,0.163,4144
32,0.171,4628
33,0.202,6000
34,0.191,5440
35,0.192,5504
36,0.218,6508
37,0.221,6564
38,0.223,6692
39,0.246,7600
40,0.272,8956
41,0.264,8348
42,0.324,11012
43,0.283,9304
44,0.307,9664
45,0.294,9320
46,0.323,10644
47,0.333,11220
48,0.347,11472
49,0.338,11392
50,0.365,12148
51,0.338,10900
52,0.295,9712
53,0.355,11764
54,0.373,12192
55,0.393,13092
56,0.436,15112
57,0.420,14248
58,0.429,15008
59,0.443,15404
60,0.433,15088
61,0.462,15848
62,0.478,16756
63,0.456,15820
64,0.496,17628
65,0.502,17740
66,0.484,16840
67,0.504,17660
68,0.545,19532
69,0.541,19484
70,0.558,20440
71,0.595,21820
72,0.557,19940
73,0.552,19704
74,0.541,19208
75,0.579,20328
76,0.580,20832
77,0.585,20684
78,0.584,20884
79,0.616,22152
80,0.624,22540
81,0.641,23304
82,0.660,24036
83,0.636,22792
84,0.663,23960
85,0.670,24404
86,0.691,25388
87,0.700,25820
88,0.701,25928
89,0.720,26796
90,0.733,26392
91,0.700,25392
92,0.737,27348
93,0.737,26832
94,0.743,27220
95,0.769,28424
96,0.787,29276
97,0.738,26936
98,0.815,30268
99,0.741,27228
100,0.804,29844
1,0.035,2092
2,0.042,2288
3,0.042,2172
4,0.044,2092
5,0.048,2112
6,0.047,2092
7,0.058,2312
8,0.059,2144
9,0.061,2188
10,0.066,2160
11,0.067,2212
12,0.073,2524
13,0.072,2276
14,0.077,2204
15,0.084,2424
16,0.086,2344
17,0.089,2404
18,0.094,2416
19,0.092,2464
20,0.096,2368
21,0.103,2452
22,0.099,2596
23,0.107,2320
24,0.110,2344
25,0.119,2896
26,0.133,3400
27,0.128,2940
28,0.119,2484
29,0.137,3576
30,0.171,4640
31,0.149,3476
32,0.185,5184
33,0.187,5240
34,0.202,5956
35,0.182,4896
36,0.233,7116
37,0.215,6180
38,0.241,7648
39,0.246,7588
40,0.275,9060
41,0.265,8168
42,0.272,8520
43,0.291,9640
44,0.283,9184
45,0.295,9608
46,0.301,9748
47,0.319,10588
48,0.331,10512
49,0.325,10572
50,0.341,11464
51,0.331,10808
52,0.371,12408
53,0.368,12380
54,0.371,12272
55,0.396,13328
56,0.421,14340
57,0.426,14928
58,0.447,15748
59,0.422,14460
60,0.449,15308
61,0.439,15252
62,0.486,16976
63,0.451,15616
64,0.472,16412
65,0.497,17240
66,0.411,14604
67,0.519,18552
68,0.534,18648
69,0.520,17832
70,0.542,19236
71,0.535,19024
72,0.556,19688
73,0.507,17676
74,0.568,20088
75,0.597,21568
76,0.593,21152
77,0.576,20344
78,0.589,20512
79,0.600,21792
80,0.594,21260
81,0.644,23464
82,0.649,24008
83,0.648,23500
84,0.666,23976
85,0.671,24432
86,0.676,24292
87,0.665,24044
88,0.700,25720
89,0.678,24836
90,0.710,25768
91,0.727,26844
92,0.731,26508
93,0.686,24788
94,0.734,26460
95,0.724,26632
96,0.734,26952
97,0.764,28012
98,0.805,30024
99,0.806,29304
100,0.809,29736
1,0.035,2092
2,0.039,2188
3,0.042,2092
4,0.046,2140
5,0.050,2204
6,0.053,2244
7,0.055,2268
8,0.061,2316
9,0.063,2204
10,0.067,2276
11,0.066,2236
12,0.072,2364
13,0.074,2144
14,0.074,2244
15,0.081,2292
16,0.087,2480
17,0.090,2428
18,0.092,2360
19,0.091,2324
20,0.097,2396
21,0.101,2644
22,0.103,2508
23,0.109,2324
24,0.110,2380
25,0.116,2824
26,0.122,2708
27,0.120,2564
28,0.149,3880
29,0.147,3664
30,0.180,5132
31,0.167,4424
32,0.198,5976
33,0.144,3348
34,0.173,4568
35,0.228,7144
36,0.216,6520
37,0.136,2208
38,0.217,6240
39,0.250,7760
40,0.243,7520
41,0.266,8344
42,0.263,8624
43,0.270,8436
44,0.269,8320
45,0.285,9004
46,0.310,10136
47,0.308,10116
48,0.339,11008
49,0.320,10648
50,0.347,11772
51,0.390,13360
52,0.375,13004
53,0.345,11184
54,0.415,14332
55,0.373,12376
56,0.416,14164
57,0.397,13356
58,0.407,13836
59,0.350,11884
60,0.436,15124
61,0.421,14216
62,0.471,16544
63,0.452,15668
64,0.467,15624
65,0.457,15700
66,0.527,18356
67,0.509,18088
68,0.532,18612
69,0.485,16556
70,0.497,17388
71,0.577,20808
72,0.560,20116
73,0.563,20088
74,0.555,19544
75,0.576,21184
76,0.565,19516
77,0.616,21660
78,0.640,23516
79,0.608,21912
80,0.614,22004
81,0.591,21040
82,0.637,23144
83,0.577,22084
84,0.687,24968
85,0.673,24648
86,0.680,25036
87,0.693,25148
88,0.687,24604
89,0.741,27968
90,0.716,26304
91,0.727,26984
92,0.786,29396
93,0.744,27764
94,0.773,28288
95,0.748,26980
96,0.747,27532
97,0.771,28448
98,0.809,30008
99,0.780,28556
100,0.819,30308
1,0.035,2092
2,0.038,2092
3,0.043,2188
4,0.044,2092
5,0.048,2148
6,0.052,2352
7,0.054,2220
8,0.059,2240
9,0.061,2248
10,0.067,2244
11,0.073,2596
12,0.071,2400
13,0.077,2444
14,0.078,2400
15,0.079,2432
16,0.082,2124
17,0.089,2464
18,0.089,2224
19,0.095,2148
20,0.100,2584
21,0.100,2348
22,0.107,2608
23,0.108,2576
24,0.115,2588
25,0.116,2644
26,0.111,2444
27,0.118,2344
28,0.149,3932
29,0.136,3008
30,0.167,4404
31,0.177,5092
32,0.190,5488
33,0.167,4516
34,0.210,6196
35,0.199,5528
36,0.194,5260
37,0.220,6508
38,0.236,7064
39,0.252,8000
40,0.283,9180
41,0.249,7768
42,0.266,8168
43,0.272,8560
44,0.318,10712
45,0.262,8132
46,0.311,10104
47,0.343,11704
48,0.321,10208
49,0.342,11364
50,0.368,12604
51,0.344,11464
52,0.385,13080
53,0.394,13812
54,0.334,10424
55,0.390,12684
56,0.423,14284
57,0.445,14852
58,0.412,14136
59,0.442,15356
60,0.434,14976
61,0.453,15760
62,0.455,16048
63,0.493,17552
64,0.472,16024
65,0.495,17468
66,0.507,17896
67,0.503,17900
68,0.500,17488
69,0.503,17496
70,0.556,19996
71,0.544,19372
72,0.567,20028
73,0.561,20080
74,0.589,21580
75,0.571,20604
76,0.574,20264
77,0.575,20304
78,0.583,20448
79,0.598,21620
80,0.631,23196
81,0.618,21912
82,0.635,23068
83,0.652,23872
84,0.640,23280
85,0.688,25212
86,0.629,22444
87,0.685,25064
88,0.691,25360
89,0.677,24360
90,0.697,25328
91,0.722,26684
92,0.751,27588
93,0.739,27492
94,0.748,27272
95,0.767,28088
96,0.775,28712
97,0.744,27524
98,0.829,30884
99,0.791,29388
100,0.804,29884
1,0.034,2092
2,0.040,2180
3,0.043,2256
4,0.044,2144
5,0.049,2180
6,0.052,2172
7,0.057,2252
8,0.059,2196
9,0.063,2288
10,0.068,2372
11,0.064,2244
12,0.073,2316
13,0.074,2132
14,0.082,2544
15,0.082,2260
16,0.090,2628
17,0.084,2256
18,0.097,2660
19,0.092,2532
20,0.095,2452
21,0.100,2596
22,0.108,2280
23,0.107,2232
24,0.111,2536
25,0.111,2656
26,0.133,3120
27,0.124,2668
28,0.129,3004
29,0.127,2644
30,0.133,3124
31,0.148,3564
32,0.158,3996
33,0.178,4948
34,0.182,4960
35,0.202,5952
36,0.209,6044
37,0.221,6512
38,0.247,7600
39,0.250,7872
40,0.253,8004
41,0.281,9140
42,0.275,9076
43,0.269,8276
44,0.312,10532
45,0.254,7552
46,0.284,8928
47,0.312,10268
48,0.306,10060
49,0.355,11844
50,0.347,11576
51,0.352,11588
52,0.360,11692
53,0.344,11528
54,0.398,13700
55,0.405,13592
56,0.404,14132
57,0.426,14616
58,0.425,14632
59,0.453,15628
60,0.428,14780
61,0.462,16080
62,0.447,15332
63,0.490,17136
64,0.459,15720
65,0.496,17244
66,0.511,18136
67,0.452,15376
68,0.498,17436
69,0.546,19648
70,0.539,19352
71,0.536,18908
72,0.534,18672
73,0.553,19964
74,0.591,21272
75,0.588,21496
76,0.589,21592
77,0.594,21172
78,0.600,21684
79,0.622,22328
80,0.621,22320
81,0.642,23128
82,0.628,22856
83,0.633,22420
84,0.670,24544
85,0.688,25076
86,0.673,24592
87,0.696,25780
88,0.679,24708
89,0.683,24452
90,0.749,28084
91,0.712,26092
92,0.722,26444
93,0.754,28276
94,0.738,26728
95,0.773,28744
96,0.789,29156
97,0.798,29468
98,0.789,28480
99,0.761,28148
100,0.767,27796
1,0.034,2092
2,0.038,2092
3,0.043,2124
4,0.044,2092
5,0.049,2176
6,0.051,2252
7,0.055,2132
8,0.060,2324
9,0.065,2380
10,0.062,2164
11,0.072,2340
12,0.074,2164
13,0.077,2616
14,0.083,2456
15,0.084,2364
16,0.086,2452
17,0.091,2384
18,0.097,2532
19,0.093,2312
20,0.098,2384
21,0.102,2472
22,0.103,2520
23,0.110,2648
24,0.114,2424
25,0.117,2460
26,0.114,2280
27,0.122,2620
28,0.136,3220
29,0.177,5132
30,0.174,4736
31,0.179,4988
32,0.152,3796
33,0.164,4100
34,0.202,5992
35,0.200,5700
36,0.206,5928
37,0.248,7752
38,0.238,7224
39,0.224,6656
40,0.219,6372
41,0.286,9368
42,0.277,9124
43,0.308,9944
44,0.270,8324
45,0.268,7996
46,0.274,8492
47,0.280,8876
48,0.360,12472
49,0.323,10520
50,0.353,11536
51,0.337,10980
52,0.364,12252
53,0.389,13460
54,0.378,12688
55,0.405,14136
56,0.366,11724
57,0.422,14632
58,0.416,14012
59,0.416,14604
60,0.433,14932
61,0.437,14680
62,0.471,16396
63,0.465,16220
64,0.468,15716
65,0.466,16252
66,0.491,17344
67,0.519,18660
68,0.529,18348
69,0.506,17840
70,0.501,17476
71,0.501,17176
72,0.523,17860
73,0.595,21452
74,0.580,20392
75,0.592,21160
76,0.589,21308
77,0.648,23676
78,0.603,21536
79,0.568,19636
80,0.656,24076
81,0.643,23544
82,0.667,24284
83,0.632,23268
84,0.638,22772
85,0.698,25584
86,0.660,23868
87,0.682,24564
88,0.724,27072
89,0.685,24960
90,0.759,27524
91,0.725,26452
92,0.703,25408
93,0.725,26836
94,0.763,28536
95,0.712,25820
96,0.766,27800
97,0.802,29560
98,0.789,29340
99,0.809,30128
100,0.801,29528
1,0.035,2092
2,0.039,2148
3,0.043,2280
4,0.046,2172
5,0.049,2172
6,0.054,2224
7,0.055,2144
8,0.061,2320
9,0.062,2296
10,0.067,2312
11,0.068,2508
12,0.074,2300
13,0.071,2176
14,0.084,2540
15,0.079,2244
16,0.084,2200
17,0.086,2388
18,0.090,2340
19,0.098,2268
20,0.098,2348
21,0.099,2304
22,0.108,2552
23,0.110,2512
24,0.116,2724
25,0.114,2412
26,0.131,3204
27,0.128,2912
28,0.138,3324
29,0.151,3948
30,0.164,4376
31,0.176,4952
32,0.174,4696
33,0.158,3792
34,0.181,5124
35,0.205,6172
36,0.217,6708
37,0.228,6956
38,0.218,6372
39,0.221,6468
40,0.248,7660
41,0.259,8112
42,0.252,7656
43,0.301,9872
44,0.324,10664
45,0.306,9812
46,0.304,9820
47,0.332,10968
48,0.300,9532
49,0.351,11768
50,0.332,10772
51,0.349,11728
52,0.385,13012
53,0.379,12868
54,0.386,13076
55,0.404,14316
56,0.383,12612
57,0.381,12640
58,0.437,14896
59,0.439,15240
60,0.458,16060
61,0.430,14948
62,0.464,16052
63,0.452,15792
64,0.481,16928
65,0.447,15148
66,0.494,17356
67,0.513,18040
68,0.539,19204
69,0.527,18736
70,0.537,18980
71,0.546,19460
72,0.591,21684
73,0.481,18140
74,0.550,19460
75,0.576,20848
76,0.577,20524
77,0.593,20788
78,0.602,21884
79,0.615,22416
80,0.611,21884
81,0.473,17160
82,0.573,20192
83,0.634,23032
84,0.661,24032
85,0.669,24092
86,0.688,25432
87,0.685,24732
88,0.671,24172
89,0.654,22956
90,0.681,24692
91,0.693,25420
92,0.711,25672
93,0.656,23812
94,0.744,27588
95,0.717,26136
96,0.779,28820
97,0.781,29252
98,0.771,28468
99,0.848,31972
100,0.831,31084
1,0.034,2092
2,0.038,2092
3,0.043,2200
4,0.045,2116
5,0.049,2252
6,0.050,2152
7,0.056,2312
8,0.059,2180
9,0.063,2340
10,0.067,2456
11,0.064,2276
12,0.070,2356
13,0.075,2256
14,0.081,2620
15,0.080,2332
16,0.082,2112
17,0.094,2484
18,0.100,2840
19,0.090,2308
20,0.092,2328
21,0.102,2580
22,0.104,2404
23,0.111,2532
24,0.106,2604
25,0.117,2596
26,0.119,2644
27,0.149,3864
28,0.132,3088
29,0.142,3428
30,0.162,4280
31,0.183,5208
32,0.148,3568
33,0.180,4996
34,0.174,4600
35,0.230,7156
36,0.204,5856
37,0.222,6824
38,0.231,7048
39,0.225,6528
40,0.244,7400
41,0.257,8156
42,0.245,7460
43,0.268,8440
44,0.287,9440
45,0.306,9916
46,0.328,10860
47,0.314,10404
48,0.323,10764
49,0.265,7968
50,0.328,10772
51,0.370,12360
52,0.378,12952
53,0.384,13204
54,0.363,11864
55,0.390,13004
56,0.414,14560
57,0.446,15452
58,0.434,15096
59,0.452,15704
60,0.463,16384
61,0.429,14412
62,0.479,16540
63,0.450,15360
64,0.462,16064
65,0.481,17028
66,0.479,16548
67,0.529,18896
68,0.519,18488
69,0.519,17820
70,0.478,16380
71,0.551,19280
72,0.558,19904
73,0.550,19520
74,0.608,22100
75,0.580,20736
76,0.575,20480
77,0.605,21592
78,0.624,22616
79,0.574,20532
80,0.631,22696
81,0.598,20816
82,0.653,24152
83,0.590,20708
84,0.604,21656
85,0.677,25280
86,0.704,25548
87,0.717,26552
88,0.674,24428
89,0.678,24336
90,0.715,25848
91,0.729,26568
92,0.715,26244
93,0.574,21460
94,0.745,27216
95,0.741,27128
96,0.749,27292
97,0.762,27832
98,0.765,28280
99,0.814,30268
100,0.823,30564
1,0.036,2140
2,0.041,2272
3,0.043,2176
4,0.043,2092
5,0.050,2284
6,0.050,2092
7,0.053,2204
8,0.062,2284
9,0.062,2296
10,0.064,2180
11,0.068,2336
12,0.072,2440
13,0.079,2588
14,0.074,2136
15,0.078,2188
16,0.086,2480
17,0.090,2488
18,0.097,2700
19,0.091,2288
20,0.097,2376
21,0.107,2556
22,0.106,2588
23,0.115,2672
24,0.114,2496
25,0.119,2964
26,0.118,2260
27,0.122,2692
28,0.128,2820
29,0.151,3868
30,0.143,3612
31,0.180,4960
32,0.177,4768
33,0.167,4292
34,0.193,5456
35,0.194,5436
36,0.170,4368
37,0.228,6664
38,0.184,4816
39,0.162,3420
40,0.256,8112
41,0.249,7592
42,0.259,7900
43,0.280,9192
44,0.303,10052
45,0.299,9704
46,0.328,10748
47,0.345,11060
48,0.341,11280
49,0.324,10776
50,0.332,10764
51,0.385,13032
52,0.359,12040
53,0.389,13332
54,0.382,12728
55,0.382,12916
56,0.325,10212
57,0.404,13776
58,0.429,14896
59,0.438,15100
60,0.464,16188
61,0.417,14556
62,0.436,15184
63,0.483,16728
64,0.488,16884
65,0.480,16640
66,0.501,17624
67,0.467,16176
68,0.533,18920
69,0.535,19108
70,0.500,17384
71,0.549,19880
72,0.529,18648
73,0.563,20152
74,0.582,20736
75,0.548,19152
76,0.589,21384
77,0.586,20756
78,0.567,20152
79,0.623,22592
80,0.651,23912
81,0.644,23780
82,0.656,24332
83,0.642,23168
84,0.649,23460
85,0.662,23940
86,0.675,24564
87,0.709,26320
88,0.693,25480
89,0.658,23340
90,0.687,24860
91,0.670,24604
92,0.757,28028
93,0.760,28056
94,0.771,28420
95,0.723,26660
96,0.763,27704
97,0.752,27672
98,0.790,29472
99,0.807,29912
100,0.752,27596
1,0.035,2112
2,0.038,2092
3,0.042,2204
4,0.045,2172
5,0.048,2160
6,0.054,2264
7,0.053,2140
8,0.061,2184
9,0.062,2208
10,0.067,2200
11,0.066,2236
12,0.072,2376
13,0.076,2232
14,0.079,2488
15,0.083,2212
16,0.083,2296
17,0.092,2580
18,0.100,2876
19,0.096,2480
20,0.104,2652
21,0.103,2600
22,0.102,2344
23,0.111,2564
24,0.110,2248
25,0.116,2440
26,0.118,2416
27,0.127,2676
28,0.140,3472
29,0.147,3584
30,0.168,4636
31,0.156,3800
32,0.164,3984
33,0.200,5964
34,0.201,5820
35,0.201,5840
36,0.230,6872
37,0.218,6440
38,0.236,7212
39,0.238,7476
40,0.237,7048
41,0.261,8324
42,0.290,9536
43,0.264,8216
44,0.321,10640
45,0.283,8880
46,0.293,9288
47,0.314,10312
48,0.325,10892
49,0.337,11116
50,0.264,8076
51,0.344,11440
52,0.361,12348
53,0.417,14552
54,0.379,13012
55,0.401,13680
56,0.419,14536
57,0.429,15264
58,0.330,10972
59,0.441,15744
60,0.458,15672
61,0.424,14128
62,0.444,14968
63,0.467,15788
64,0.492,16872
65,0.462,15572
66,0.520,18420
67,0.496,17332
68,0.493,17268
69,0.494,17176
70,0.544,19036
71,0.565,20300
72,0.530,18688
73,0.525,18368
74,0.553,19472
75,0.577,20344
76,0.602,21908
77,0.592,20744
78,0.605,21380
79,0.640,23096
80,0.583,21124
81,0.606,21804
82,0.629,22960
83,0.654,23900
84,0.649,23416
85,0.692,25844
86,0.667,24228
87,0.674,24296
88,0.706,25856
89,0.695,25252
90,0.699,25616
91,0.711,26304
92,0.702,25436
93,0.730,26520
94,0.716,25864
95,0.766,28432
96,0.787,29068
97,0.792,29060
98,0.764,28384
99,0.803,29236
100,0.793,29644
